layer,CAPAD,soil,elev,rain,tmax,rainVar,NarClimffdigt50,NarClimfRain,NarClimfTmax,ProfileID,SciName,Taxa,CommonName,SiteID,SiteName,Restricted
1,Blue Mountains National Park,Rudosol,783.2419839316972,1257.1054148637265,17.24806338563644,0.6756436724661592,0.4306580633730302,7.844924599781199,1.9930833250969702,NA,NA,NA,NA,NA,NA,NA
7,Blue Mountains National Park,Rudosol,862.1031445156905,1278.19662328282,17.351280775497237,0.6795223660616205,0.5210787167858792,8.30183757768195,1.981044022166284,NA,NA,NA,NA,NA,NA,NA
6,Blue Mountains National Park,Rudosol,568.6155820142419,1022.1247257501866,17.349771963087306,0.6717933504983814,0.5297188611782683,8.965676968582645,1.9816917685935325,NA,NA,NA,NA,NA,NA,NA
8,Blue Mountains National Park,Rudosol,729.1163676519948,1160.5590989401346,17.80280300305447,0.6827920945669839,0.5203994597856524,8.52561926460859,1.9759876681469601,10005,Acacia baueri subsp. aspera,Shrubs,Acacia baueri subsp. aspera,826,Kings Tableland,Yes
9,Blue Mountains National Park,Rudosol,825.0498652311511,1250.7856779473118,17.692894049714166,0.6861223644046645,0.5177496561410988,8.329291468862202,1.974741100036507,10005,Acacia baueri subsp. aspera,Shrubs,Acacia baueri subsp. aspera,826,Kings Tableland,Yes
11,Dharawal National Park,Kandosol,411.4242604701727,1525.737829921673,19.78618614361735,0.8121563236256347,0.27215191041038367,5.0349756289165715,1.9121469637977648,10005,Acacia baueri subsp. aspera,Shrubs,Acacia baueri subsp. aspera,825,Dharawal,No
2,Dharawal National Park,Kandosol,402.6836992071202,1537.3578644829245,19.503912454144977,0.8128796445363654,0.2658262203319637,5.274509133084845,1.9095587281731208,10005,Acacia baueri subsp. aspera,Shrubs,Acacia baueri subsp. aspera,825,Dharawal,No
10,Illawarra Escarpment State Conservation Area,Tenosol,317.75360935090976,1572.3012422611248,19.72341481563899,0.844929379311522,0.2902664401292134,6.59111756522452,1.8855464200900813,NA,NA,NA,NA,NA,NA,NA
